INSERT INTO ciudad (id, nombre, activa)
VALUES
('11111111-1111-1111-1111-111111111111', 'Ciudad de Guatemala', TRUE),
('11111111-1111-1111-1111-111111111112', 'Quetzaltenango', TRUE)
('11111111-1111-1111-1111-111111111113', 'Xela', TRUE),
('11111111-1111-1111-1111-111111111114', 'Mixco', TRUE)
ON CONFLICT (id) DO NOTHING;

INSERT INTO cine (id, ciudad_id, nombre, direccion, activo)
VALUES
('22222222-2222-2222-2222-222222222221', '11111111-1111-1111-1111-111111111111', 'cineA', 'Zona 10, Ciudad de Guatemala', TRUE),
('22222222-2222-2222-2222-222222222221', '11111111-1111-1111-1111-111111111111', 'cineB', 'Zona 14, Ciudad de Guatemala', TRUE),
('22222222-2222-2222-2222-222222222222', '11111111-1111-1111-1111-111111111111', 'FilmStars Miraflores', 'Zona 11, Ciudad de Guatemala', TRUE),
('22222222-2222-2222-2222-222222222223', '11111111-1111-1111-1111-111111111112', 'FilmStars Xela', 'Quetzaltenango', TRUE)
ON CONFLICT (id) DO NOTHING;

INSERT INTO sala (id, cine_id, nombre, capacidad, tipo_sala, activa)
VALUES
('33333333-3333-3333-3333-333333333331', '22222222-2222-2222-2222-222222222221', 'Sala 1', 20, 'NORMAL', TRUE),
('33333333-3333-3333-3333-333333333332', '22222222-2222-2222-2222-222222222221', 'Sala VIP', 20, 'VIP', TRUE),
('33333333-3333-3333-3333-333333333333', '22222222-2222-2222-2222-222222222222', 'Sala 1', 20, 'NORMAL', TRUE),
('33333333-3333-3333-3333-333333333334', '22222222-2222-2222-2222-222222222223', 'Sala 1', 20, 'NORMAL', TRUE)
ON CONFLICT (id) DO NOTHING;

INSERT INTO asiento (id, sala_id, fila, numero, codigo, tipo, activo)
VALUES
('44444444-4444-4444-4444-444444444401', '33333333-3333-3333-3333-333333333331', 'A', 1, 'A1', 'NORMAL', TRUE),
('44444444-4444-4444-4444-444444444402', '33333333-3333-3333-3333-333333333331', 'A', 2, 'A2', 'NORMAL', TRUE),
('44444444-4444-4444-4444-444444444403', '33333333-3333-3333-3333-333333333331', 'A', 3, 'A3', 'NORMAL', TRUE),
('44444444-4444-4444-4444-444444444404', '33333333-3333-3333-3333-333333333331', 'A', 4, 'A4', 'NORMAL', TRUE),
('44444444-4444-4444-4444-444444444405', '33333333-3333-3333-3333-333333333331', 'A', 5, 'A5', 'NORMAL', TRUE),

('44444444-4444-4444-4444-444444444406', '33333333-3333-3333-3333-333333333331', 'B', 1, 'B1', 'NORMAL', TRUE),
('44444444-4444-4444-4444-444444444407', '33333333-3333-3333-3333-333333333331', 'B', 2, 'B2', 'NORMAL', TRUE),
('44444444-4444-4444-4444-444444444408', '33333333-3333-3333-3333-333333333331', 'B', 3, 'B3', 'NORMAL', TRUE),
('44444444-4444-4444-4444-444444444409', '33333333-3333-3333-3333-333333333331', 'B', 4, 'B4', 'NORMAL', TRUE),
('44444444-4444-4444-4444-444444444410', '33333333-3333-3333-3333-333333333331', 'B', 5, 'B5', 'NORMAL', TRUE),

('44444444-4444-4444-4444-444444444411', '33333333-3333-3333-3333-333333333331', 'C', 1, 'C1', 'NORMAL', TRUE),
('44444444-4444-4444-4444-444444444412', '33333333-3333-3333-3333-333333333331', 'C', 2, 'C2', 'NORMAL', TRUE),
('44444444-4444-4444-4444-444444444413', '33333333-3333-3333-3333-333333333331', 'C', 3, 'C3', 'NORMAL', TRUE),
('44444444-4444-4444-4444-444444444414', '33333333-3333-3333-3333-333333333331', 'C', 4, 'C4', 'NORMAL', TRUE),
('44444444-4444-4444-4444-444444444415', '33333333-3333-3333-3333-333333333331', 'C', 5, 'C5', 'NORMAL', TRUE)
ON CONFLICT (id) DO NOTHING;

INSERT INTO genero (id, nombre, activo)
VALUES
('55555555-5555-5555-5555-555555555551', 'Acción', TRUE),
('55555555-5555-5555-5555-555555555552', 'Aventura', TRUE),
('55555555-5555-5555-5555-555555555553', 'Drama', TRUE),
('55555555-5555-5555-5555-555555555554', 'Comedia', TRUE),
('55555555-5555-5555-5555-555555555555', 'Animación', TRUE)
ON CONFLICT (id) DO NOTHING;

INSERT INTO pelicula (id, titulo, sinopsis, duracion_min, clasificacion, poster_url, fecha_estreno, tipo, activa)
VALUES
('66666666-6666-6666-6666-666666666661', 'Guardianes del Cine', 'Un grupo de héroes debe proteger la última sala de cine de la ciudad.', 125, 'PG-13', 'https://es.web.img3.acsta.net/medias/nmedia/18/91/56/29/20282576.jpg', '2026-06-01', 'ESTRENO', TRUE),
('66666666-6666-6666-6666-666666666662', 'La Última Función', 'Una historia de drama y misterio dentro de un antiguo cine.', 110, 'PG-13', 'https://m.media-amazon.com/images/M/MV5BNzE4MTcyN2QtMGUyOS00ZDEwLWEwNzUtZTk0ZjQzNDk2MWIyXkEyXkFqcGc@._V1_.jpg', '2026-06-10', 'PREVENTA', TRUE),
('66666666-6666-6666-6666-666666666663', 'Risas de Medianoche', 'Una comedia familiar llena de situaciones inesperadas.', 95, 'PG', 'https://m.media-amazon.com/images/M/MV5BZTRiOGMxYzctMTk3Ny00ODBkLWIyNTMtOGZhMWY0MjZiYzAxXkEyXkFqcGc@._V1_.jpg', '2025-12-20', 'REESTRENO', TRUE)
ON CONFLICT (id) DO NOTHING;

INSERT INTO pelicula_genero (pelicula_id, genero_id)
VALUES
('66666666-6666-6666-6666-666666666661', '55555555-5555-5555-5555-555555555551'),
('66666666-6666-6666-6666-666666666661', '55555555-5555-5555-5555-555555555552'),
('66666666-6666-6666-6666-666666666662', '55555555-5555-5555-5555-555555555553'),
('66666666-6666-6666-6666-666666666663', '55555555-5555-5555-5555-555555555554')
ON CONFLICT (pelicula_id, genero_id) DO NOTHING;

INSERT INTO funcion (id, pelicula_id, sala_id, fecha_hora, precio_base, activa)
VALUES
('77777777-7777-7777-7777-777777777771', '66666666-6666-6666-6666-666666666661', '33333333-3333-3333-3333-333333333331', '2026-06-08 18:00:00', 45.00, TRUE),
('77777777-7777-7777-7777-777777777772', '66666666-6666-6666-6666-666666666661', '33333333-3333-3333-3333-333333333331', '2026-06-08 21:00:00', 45.00, TRUE),
('77777777-7777-7777-7777-777777777773', '66666666-6666-6666-6666-666666666662', '33333333-3333-3333-3333-333333333332', '2026-06-09 19:30:00', 65.00, TRUE),
('77777777-7777-7777-7777-777777777774', '66666666-6666-6666-6666-666666666663', '33333333-3333-3333-3333-333333333333', '2026-06-09 16:00:00', 35.00, TRUE)
ON CONFLICT (id) DO NOTHING;